{"cameraMode":{"drawMode":0,"name":"Shaded","section":"Shading Mode"},"sceneLighting":true,"audioPlay":false,"sceneViewState":{"m_AlwaysRefresh":false,"showFog":true,"showSkybox":true,"showFlares":true,"showImageEffects":true,"showParticleSystems":true,"showVisualEffectGraphs":true,"m_FxEnabled":true},"in2DMode":false,"pivot":{"x":-1.6558501720428467,"y":2.3199996948242189,"z":8.462912559509278},"rotation":{"x":0.058128684759140018,"y":0.03713966906070709,"z":-0.002171250758692622,"w":0.9976535439491272},"size":12.12435531616211,"orthographic":true}