{"cameraMode":{"drawMode":0,"name":"Shaded","section":"Shading Mode"},"sceneLighting":true,"audioPlay":false,"sceneViewState":{"m_AlwaysRefresh":false,"showFog":true,"showSkybox":true,"showFlares":true,"showImageEffects":true,"showParticleSystems":true,"showVisualEffectGraphs":true,"m_FxEnabled":true},"in2DMode":false,"pivot":{"x":-0.17291872203350068,"y":0.8799493908882141,"z":3.484614849090576},"rotation":{"x":0.00006327801384031773,"y":-0.9984996914863586,"z":0.05547357723116875,"w":0.0009045889601111412},"size":2.6930954456329347,"orthographic":true}