{"cameraMode":{"drawMode":0,"name":"Shaded","section":"Shading Mode"},"sceneLighting":false,"audioPlay":false,"sceneViewState":{"m_AlwaysRefresh":false,"showFog":true,"showSkybox":false,"showFlares":true,"showImageEffects":true,"showParticleSystems":true,"showVisualEffectGraphs":true,"m_FxEnabled":true},"in2DMode":false,"pivot":{"x":0.1899999976158142,"y":1.9299999475479127,"z":-4.78000020980835},"rotation":{"x":0.10850424319505692,"y":-0.7826529145240784,"z":0.14241063594818116,"w":0.5962170958518982},"size":0.17320503294467927,"orthographic":false}